,sentence_idx,token,label
0,0,"['Aircraft', 'is', 'close', 'to', 'Home', 'Point', '.', 'Return', '-', 'to', '-', 'Home', 'Mode', 'is', 'now', 'Auto', 'Landing', 'Mode', '.']","['B-COMPONENT', 'O', 'O', 'O', 'B-PARAMETER', 'I-PARAMETER', 'O', 'B-STATE', 'O', 'I-STATE', 'O', 'I-STATE', 'I-STATE', 'O', 'O', 'B-STATE', 'I-STATE', 'I-STATE', 'O']"
1,1,"['Aircraft', 'is', 'close', 'to', 'the', 'Home', 'Point', '.', 'Initiating', 'Return', 'to', 'Home', 'will', 'now', 'trigger', 'Auto', 'Landing', '.']","['B-COMPONENT', 'O', 'O', 'O', 'O', 'B-PARAMETER', 'I-PARAMETER', 'O', 'O', 'B-ACTION', 'I-ACTION', 'I-ACTION', 'O', 'O', 'O', 'B-STATE', 'I-STATE', 'O']"
2,10,"['Aircraft', 'is', 'returning', 'to', 'the', 'Home', 'Point', '.', 'RTH', 'Altitude', 'is', '30', 'm.', 'You', 'can', 'reset', 'the', 'RTH', 'Altitude', 'in', 'Remote', 'Controller', 'Settings', 'after', 'cancelling', 'RTH', 'if', 'necessary', '.']","['B-COMPONENT', 'O', 'O', 'O', 'O', 'B-PARAMETER', 'I-PARAMETER', 'O', 'B-PARAMETER', 'I-PARAMETER', 'O', 'O', 'O', 'O', 'O', 'O', 'O', 'B-PARAMETER', 'I-PARAMETER', 'O', 'B-FUNCTION', 'I-FUNCTION', 'I-FUNCTION', 'O', 'O', 'B-ACTION', 'O', 'O', 'O']"
3,100,"['Large', 'Wind', 'Velocity', '.', 'Fly', 'with', 'caution', '.']","['B-ISSUE', 'I-ISSUE', 'I-ISSUE', 'O', 'O', 'O', 'O', 'O']"
4,101,"['Lens', 'not', 'connected']","['B-COMPONENT', 'O', 'O']"
5,102,"['Locating', 'Landing', 'Point']","['B-ACTION', 'B-PARAMETER', 'I-PARAMETER']"
6,103,"['Low', 'Power', '.', 'Aircraft', 'is', 'returning', 'to', 'the', 'Home', 'Point', '.']","['B-ISSUE', 'I-ISSUE', 'O', 'B-COMPONENT', 'O', 'O', 'O', 'O', 'B-PARAMETER', 'I-PARAMETER', 'O']"
7,104,"['Low', 'Power', '.', 'Returning', 'home', '.']","['B-ISSUE', 'I-ISSUE', 'O', 'B-ACTION', 'I-ACTION', 'O']"
8,105,"['Magnetic', 'Filed', 'Interference', '.', 'Exit', 'P', '-', 'GPS', 'Mode']","['B-ISSUE', 'I-ISSUE', 'I-ISSUE', 'O', 'O', 'B-STATE', 'O', 'I-STATE', 'I-STATE']"
9,106,"['Max', 'Flight', 'Altitude', 'Reached', '.', 'Adjust', 'in', 'Main', 'Controller', 'Settings', 'if', 'necessary']","['B-PARAMETER', 'I-PARAMETER', 'I-PARAMETER', 'O', 'O', 'O', 'O', 'B-FUNCTION', 'I-FUNCTION', 'I-FUNCTION', 'O', 'O']"
10,107,"['Max', 'Flight', 'Distance', 'Reached', '.', 'Adjust', 'in', 'Main', 'Controller', 'Settings', 'if', 'necessary', '.']","['B-PARAMETER', 'I-PARAMETER', 'I-PARAMETER', 'O', 'O', 'O', 'O', 'B-FUNCTION', 'I-FUNCTION', 'I-FUNCTION', 'O', 'O', 'O']"
11,108,"['Maximum', 'Flight', 'Altitude', 'Reached', '.']","['B-PARAMETER', 'I-PARAMETER', 'I-PARAMETER', 'O', 'O']"
12,109,"['Maximum', 'Flight', 'Altitude', 'Reached', '.', 'Adjust', 'altitude', 'in', 'MC', 'Settings', 'if', 'required', '.']","['B-PARAMETER', 'I-PARAMETER', 'I-PARAMETER', 'O', 'O', 'O', 'B-PARAMETER', 'O', 'B-FUNCTION', 'I-FUNCTION', 'O', 'O', 'O']"
13,11,"['Aircraft', 'out', 'of', 'Range']","['B-COMPONENT', 'O', 'O', 'O']"
14,110,"['Maximum', 'Flight', 'Distance', 'Reached', '.', 'Adjust', 'distance', 'in', 'MC', 'Settings', 'if', 'required', '.']","['B-PARAMETER', 'I-PARAMETER', 'I-PARAMETER', 'O', 'O', 'O', 'O', 'O', 'B-FUNCTION', 'I-FUNCTION', 'O', 'O', 'O']"
15,111,"['Maximum', 'flight', 'distance', 'reached', '.', 'Adjust', 'the', 'distance', 'in', 'MC', 'Settings', 'if', 'required', '.']","['B-PARAMETER', 'I-PARAMETER', 'I-PARAMETER', 'O', 'O', 'O', 'O', 'O', 'O', 'B-FUNCTION', 'I-FUNCTION', 'O', 'O', 'O']"
16,112,"['Mobile', 'device', 'CPU', 'fully', 'loaded', '.', 'Related', 'performance', 'will', 'be', 'affected', '.']","['B-COMPONENT', 'I-COMPONENT', 'I-COMPONENT', 'O', 'O', 'O', 'O', 'O', 'O', 'O', 'O', 'O']"
17,113,"['Mobile', 'device', 'version', 'too', 'old', 'to', 'support', 'HD', 'image', 'transmission', 'and', 'the', 'image', 'transmission', 'mode', 'has', 'been', 'switch', 'to', 'normal', 'mode', '.']","['B-PARAMETER', 'I-PARAMETER', 'I-PARAMETER', 'O', 'O', 'O', 'O', 'B-FUNCTION', 'I-FUNCTION', 'I-FUNCTION', 'O', 'O', 'B-PARAMETER', 'I-PARAMETER', 'I-PARAMETER', 'O', 'O', 'O', 'O', 'B-STATE', 'I-STATE', 'O']"
18,114,"['Motor', 'or', 'propeller', 'error', '.', 'Check', 'the', 'motors', 'and', 'propellers', '.']","['B-COMPONENT', 'O', 'B-COMPONENT', 'B-ISSUE', 'O', 'O', 'O', 'B-COMPONENT', 'O', 'B-COMPONENT', 'O']"
19,115,"['Motors', 'Started', '.']","['B-COMPONENT', 'O', 'O']"
20,116,"['Not', 'Allowed', 'to', 'change', 'Aircraft', 'Mode', '.', 'If', 'needed']","['O', 'O', 'O', 'O', 'B-PARAMETER', 'I-PARAMETER', 'O', 'O', 'O']"
21,117,"['Obstacle', 'Avoidance', 'Disabled', '.']","['B-FUNCTION', 'I-FUNCTION', 'O', 'O']"
22,118,"['Obstacle', 'Avoidance', 'Disabled', '.', 'Landing', 'gear', 'lowered', '.', 'Obstacle', 'Avoidance', 'Disabled', '.']","['B-FUNCTION', 'I-FUNCTION', 'O', 'O', 'B-COMPONENT', 'I-COMPONENT', 'O', 'O', 'B-FUNCTION', 'I-FUNCTION', 'O', 'O']"
23,119,"['Obstacle', 'Avoidance', 'disabled', '.', 'Landing', 'gear', 'lowered', '.', 'Obstacle', 'Avoidance', 'has', 'been', 'disabled', '.']","['B-FUNCTION', 'I-FUNCTION', 'O', 'O', 'B-COMPONENT', 'I-COMPONENT', 'O', 'O', 'B-FUNCTION', 'I-FUNCTION', 'O', 'O', 'O', 'O']"
24,12,"['Ambient', 'Light', 'is', 'too', 'weak', '.']","['B-PARAMETER', 'I-PARAMETER', 'O', 'O', 'O', 'O']"
25,120,"['Obstacle', 'Avoidance', 'will', 'be', 'disabled', 'in', 'landing', '.']","['B-FUNCTION', 'I-FUNCTION', 'O', 'O', 'O', 'O', 'O', 'O']"
26,121,"['Obstacle', 'Avoided', '.', 'Revise', 'Flight', 'Route']","['O', 'O', 'O', 'O', 'B-PARAMETER', 'I-PARAMETER']"
27,122,"['Obstacle', 'Sensing', 'will', 'be', 'disabled', 'when', 'aircraft', 'is', 'landing', '.', 'Fly', 'with', 'caution', '.']","['B-FUNCTION', 'I-FUNCTION', 'O', 'O', 'O', 'O', 'B-COMPONENT', 'O', 'O', 'O', 'O', 'O', 'O', 'O']"
28,123,"['PalmControl', 'in', 'Process']","['B-ACTION', 'O', 'O']"
29,124,"['Precision', 'Landing']","['B-FUNCTION', 'I-FUNCTION']"
30,125,"['Propulsion', 'output', 'has', 'been', 'limited', 'to', 'ensure', 'battery', 'health', '.']","['O', 'O', 'O', 'O', 'O', 'O', 'O', 'B-PARAMETER', 'I-PARAMETER', 'O']"
31,126,"['Rectifying', 'aircraft', 'position']","['B-ACTION', 'B-PARAMETER', 'I-PARAMETER']"
32,127,"['Remote', 'controller', 'assisted', 'takeoff', 'initiated', '.']","['B-ACTION', 'I-ACTION', 'I-ACTION', 'I-ACTION', 'O', 'O']"
33,128,"['Remote', 'Controller', 'Right', 'Dial', 'Locked', '.', 'Lightly', 'press', 'it', 'to', 'adjust', '.']","['B-FUNCTION', 'I-FUNCTION', 'I-FUNCTION', 'I-FUNCTION', 'O', 'O', 'O', 'O', 'O', 'O', 'O', 'O']"
34,129,"['Returning', 'to', 'the', 'Home', 'Point']","['B-ACTION', 'O', 'O', 'B-PARAMETER', 'I-PARAMETER']"
35,13,"['Ambient', 'Light', 'too', 'Weak']","['B-PARAMETER', 'I-PARAMETER', 'O', 'O']"
36,130,"['Right', 'Dial', 'Locked', '.', 'Lightly', 'press', 'to', 'adjust', '.']","['B-FUNCTION', 'I-FUNCTION', 'O', 'O', 'O', 'O', 'O', 'O', 'O']"
37,131,"['Satellite', 'positioning', 'off', '.', 'Fly', 'with', 'Caution', '.']","['B-FUNCTION', 'I-FUNCTION', 'O', 'O', 'O', 'O', 'O', 'O']"
38,132,"['SD', 'card', 'write', 'speed', 'is', 'too', 'slow', '.', 'Not', 'suitable', 'for', 'shooting', 'a', '4', 'K', 'video', '.']","['B-COMPONENT', 'I-COMPONENT', 'B-PARAMETER', 'I-PARAMETER', 'O', 'O', 'O', 'O', 'O', 'O', 'O', 'O', 'O', 'O', 'O', 'O', 'O']"
39,133,"['Sensing', 'system', 'is', 'blocked', 'or', 'too', 'close', 'to', 'the', 'obstacle', '.']","['B-FUNCTION', 'I-FUNCTION', 'O', 'O', 'O', 'O', 'O', 'O', 'O', 'O', 'O']"
40,134,"['Set', 'Flight', 'Mode', 'to', 'GPS', 'to', 'fly', 'safe']","['O', 'B-PARAMETER', 'I-PARAMETER', 'O', 'B-STATE', 'O', 'O', 'O']"
41,135,"['Strong', 'Interference', 'Detected', '.', 'Be', 'careful', 'when', 'flying', 'long', 'distances', '.']","['B-ISSUE', 'I-ISSUE', 'O', 'O', 'O', 'O', 'O', 'O', 'O', 'O', 'O']"
42,136,"['Strong', 'Interference', 'Now', '.', 'Fly', 'with', 'caution', '.']","['B-ISSUE', 'I-ISSUE', 'O', 'O', 'O', 'O', 'O', 'O']"
43,137,"['Strong', 'Interference', 'to', 'Aircraft', '.', 'Signal', 'interruption', 'may', 'be', 'more', 'likely', '.', 'Fly', 'with', 'caution', '.']","['B-ISSUE', 'I-ISSUE', 'O', 'B-COMPONENT', 'O', 'B-ISSUE', 'I-ISSUE', 'O', 'O', 'O', 'O', 'O', 'O', 'O', 'O', 'O']"
44,138,"['Strong', 'Interference', '.', 'Fly', 'with', 'caution', '.']","['B-ISSUE', 'I-ISSUE', 'O', 'O', 'O', 'O', 'O']"
45,139,"['Strong', 'Remote', 'Controller', 'Interference', '.']","['O', 'B-COMPONENT', 'I-COMPONENT', 'B-ISSUE', 'O']"
46,14,"['Attitude', 'is', 'too', 'large', '.']","['B-PARAMETER', 'O', 'O', 'O', 'O']"
47,140,"['Strong', 'wireless', 'interference', '.', 'Please', 'fly', 'with', 'caution', '.']","['B-ISSUE', 'I-ISSUE', 'I-ISSUE', 'O', 'O', 'O', 'O', 'O', 'O']"
48,141,"['Subject', 'lost', '.', 'Searching', '...']","['B-ISSUE', 'I-ISSUE', 'O', 'O', 'O']"
49,142,"['Subject', 'too', 'Large', '.', 'Move', 'Away', 'and', 'retry']","['B-ISSUE', 'I-ISSUE', 'I-ISSUE', 'O', 'O', 'O', 'O', 'O']"
50,143,"['Subject', 'too', 'Small', '.', 'Get', 'Closer', 'and', 'retry']","['B-ISSUE', 'I-ISSUE', 'I-ISSUE', 'O', 'O', 'O', 'O', 'O']"
51,144,"['Switched', 'to', 'P', '(', 'Positioning', ')', '-', 'mode', '.']","['O', 'O', 'B-STATE', 'O', 'I-STATE', 'O', 'O', 'I-STATE', 'O']"
52,145,"['Switched', 'to', 'S', '(', 'Sport', ')', '-', 'mode', '.']","['O', 'O', 'B-STATE', 'O', 'I-STATE', 'O', 'O', 'I-STATE', 'O']"
53,146,"['Switched', 'to', 'T', '(', 'Tripod', ')', '-', 'mode', '.']","['O', 'O', 'B-STATE', 'O', 'I-STATE', 'O', 'O', 'I-STATE', 'O']"
54,147,"['Take', 'off', 'and', 'retry', 'this', 'function', '.']","['O', 'O', 'O', 'O', 'O', 'O', 'O']"
55,148,"['Take', 'off', 'in', 'P', '-', 'Mode']","['O', 'O', 'O', 'B-STATE', 'O', 'I-STATE']"
56,149,"['Taking', 'Off', '.']","['B-ACTION', 'I-ACTION', 'O']"
57,15,"['Away', 'and', 'Follow', 'in', 'progress', '.']","['B-STATE', 'I-STATE', 'I-STATE', 'O', 'O', 'O']"
58,150,"['Tap', 'the', 'screen', 'lightly', 'to', 'focus', '.']","['O', 'O', 'O', 'O', 'O', 'O', 'O']"
59,151,"['Tap', 'the', 'screen', 'to', 'focus', '.']","['O', 'O', 'O', 'O', 'O', 'O']"
60,152,"['Tap', 'to', 'choose', 'a', 'valid', 'zone', '.']","['O', 'O', 'O', 'O', 'O', 'O', 'O']"
61,153,"['The', 'remaining', 'battery', 'is', 'only', 'enough', 'for', 'RTH', '.', 'Return', 'home', 'now', '.']","['O', 'O', 'B-COMPONENT', 'O', 'O', 'O', 'O', 'B-ACTION', 'O', 'O', 'O', 'O', 'O']"
62,154,"['To', 'take', 'off', 'in', 'non', '-', 'P', 'mode', ',', 'toggle', 'Flight', 'Mode', 'Switch', 'to', 'another', 'mode', 'and', 'then', 'toggle', 'it', 'back', '.']","['O', 'O', 'O', 'O', 'B-STATE', 'O', 'I-STATE', 'I-STATE', 'O', 'O', 'B-PARAMETER', 'I-PARAMETER', 'O', 'O', 'O', 'O', 'O', 'O', 'O', 'O', 'O', 'O']"
63,155,['Warning'],['O']
64,156,"['Warning', '.', 'The', 'remaining', 'battery', 'is', 'only', 'enough', 'for', 'RTH', '.', 'Return', 'home', 'now', '.']","['O', 'O', 'O', 'O', 'B-COMPONENT', 'O', 'O', 'O', 'O', 'B-ACTION', 'O', 'O', 'O', 'O', 'O']"
65,157,"['Weak', 'GPS', 'signal', '.', 'Aircraft', 'is', 'in', 'Attitude', 'mode', 'and', 'hovering', 'may', 'be', 'unstable', '.', 'Fly', 'with', 'caution', '.']","['B-ISSUE', 'I-ISSUE', 'I-ISSUE', 'O', 'B-COMPONENT', 'O', 'O', 'B-STATE', 'I-STATE', 'O', 'O', 'O', 'O', 'O', 'O', 'O', 'O', 'O', 'O']"
66,158,"['Weak', 'signal', '.', 'Adjust', 'antenna', 'and', 'avoid', 'signal', 'block', '.']","['B-ISSUE', 'I-ISSUE', 'O', 'O', 'B-COMPONENT', 'O', 'O', 'O', 'O', 'O']"
67,159,"['Weak', 'signal', '.', 'Avoid', 'blocking', 'the', 'antennas', 'and', 'keep', 'the', 'antennas', 'parallel', 'to', 'and', 'facing', 'toward', 'the', 'aircraft', 'during', 'flight', '.']","['B-ISSUE', 'I-ISSUE', 'O', 'O', 'O', 'O', 'B-COMPONENT', 'O', 'O', 'O', 'B-COMPONENT', 'O', 'O', 'O', 'O', 'O', 'O', 'B-COMPONENT', 'O', 'O', 'O']"
68,16,"['Backward', 'Obstacle', 'Sensing', 'is', 'not', 'functioning', '.']","['B-FUNCTION', 'I-FUNCTION', 'I-FUNCTION', 'O', 'O', 'O', 'O']"
69,160,"['Yaw', 'Error', '.']","['B-ISSUE', 'I-ISSUE', 'O']"
70,161,"['Your', 'aircraft', 'has', 'entered', 'a', 'Warning', 'Zone', '(', 'Class', 'D', ')', '.', 'Please', 'fly', 'with', 'caution', '.']","['O', 'B-COMPONENT', 'O', 'O', 'O', 'O', 'O', 'O', 'O', 'O', 'O', 'O', 'O', 'O', 'O', 'O', 'O']"
71,162,"['Your', 'palm', 'is', 'too', 'close', 'to', 'the', 'aircraft', '.', 'Please', 'step', 'farther', 'away', '.']","['O', 'O', 'O', 'O', 'O', 'O', 'O', 'B-COMPONENT', 'O', 'O', 'O', 'O', 'O', 'O']"
72,163,"['Your', 'palm', 'is', 'too', 'far', 'away', 'from', 'the', 'aircraft', '.', 'Please', 'step', 'closer', '.']","['O', 'O', 'O', 'O', 'O', 'O', 'O', 'O', 'B-COMPONENT', 'O', 'O', 'O', 'O', 'O']"
73,164,"['Aircraft', 'close', 'to', 'Home', 'Point', '.', 'go', 'home', 'shifts', 'to', 'landing', '.']","['B-COMPONENT', 'O', 'O', 'B-PARAMETER', 'I-PARAMETER', 'O', 'O', 'O', 'O', 'O', 'O', 'O']"
74,165,"['Precision', 'Landing', '.', 'Rectifying', 'aircraft', 'position', '.']","['B-FUNCTION', 'I-FUNCTION', 'O', 'B-ACTION', 'B-COMPONENT', 'O', 'O']"
75,166,"['Attitude', 'is', 'too', 'large', '.', '\xa0', 'Backward', 'Obstacle', 'Sensing', 'is', 'not', 'functioning', '.']","['B-PARAMETER', 'O', 'O', 'O', 'O', 'O', 'B-FUNCTION', 'I-FUNCTION', 'I-FUNCTION', 'O', 'O', 'O', 'O']"
76,167,"['Precision', 'Landing', '.', 'Correcting', 'Landing', 'Position', '.']","['B-FUNCTION', 'I-FUNCTION', 'O', 'B-ACTION', 'B-PARAMETER', 'I-PARAMETER', 'O']"
77,168,"['In', 'Flight', '.']","['O', 'O', 'O']"
78,169,"['Landing', 'Canceled', '.']","['B-ACTION', 'O', 'O']"
79,17,"['Battery', 'Signal', 'Error', '.', 'Check', 'battery', 'connection', '.']","['B-ISSUE', 'I-ISSUE', 'I-ISSUE', 'O', 'O', 'O', 'O', 'O']"
80,170,"['Landing', 'Gear', 'Paused', '.']","['B-COMPONENT', 'I-COMPONENT', 'O', 'O']"
81,171,"['Forward', 'Obstacle', 'Sensing', '\xa0', 'not', 'Working', '.']","['B-FUNCTION', 'I-FUNCTION', 'I-FUNCTION', 'O', 'O', 'O', 'O']"
82,172,"['Home', 'Point', 'Recorded', ',', 'Return', '-', 'to', '-', 'Home', 'Altitude', ':', '98FT']","['B-PARAMETER', 'I-PARAMETER', 'O', 'O', 'B-PARAMETER', 'O', 'I-PARAMETER', 'O', 'I-PARAMETER', 'I-PARAMETER', 'O', 'O']"
83,173,"['Home', 'Point', 'recorded', '.', 'Return', '-', 'to', '-', 'Home', 'Altitude', ':', '98FT', '.']","['B-PARAMETER', 'I-PARAMETER', 'O', 'O', 'B-PARAMETER', 'O', 'I-PARAMETER', 'O', 'I-PARAMETER', 'I-PARAMETER', 'O', 'O', 'O']"
84,174,"['Home', 'Point', 'recorded', '.', 'Return', '-', 'to', '-', 'Home', 'Altitude', ':', '98FT']","['B-PARAMETER', 'I-PARAMETER', 'O', 'O', 'B-PARAMETER', 'O', 'I-PARAMETER', 'O', 'I-PARAMETER', 'I-PARAMETER', 'O', 'O']"
85,175,"['RTH', 'Altitude', ':', '98FT', '.']","['B-PARAMETER', 'I-PARAMETER', 'O', 'O', 'O']"
86,176,"['Return', '-', 'to', '-', 'Home', 'Altitude', ':', '98FT']","['B-PARAMETER', 'O', 'I-PARAMETER', 'O', 'I-PARAMETER', 'I-PARAMETER', 'O', 'O']"
87,177,"['Home', 'Point', 'Recorded', ',', 'Return', '-', 'to', '-', 'Home', 'Altitude', ':', '98FT', '.']","['B-PARAMETER', 'I-PARAMETER', 'O', 'O', 'B-PARAMETER', 'O', 'I-PARAMETER', 'O', 'I-PARAMETER', 'I-PARAMETER', 'O', 'O', 'O']"
88,178,"['Return', '-', 'to', '-', 'Home', 'Altitude', ':', '65FT']","['B-PARAMETER', 'O', 'I-PARAMETER', 'O', 'I-PARAMETER', 'I-PARAMETER', 'O', 'O']"
89,179,"['RTH', 'Altitude', ':', '65FT', '.']","['B-PARAMETER', 'I-PARAMETER', 'O', 'O', 'O']"
90,18,"['Battery', 'temperature', 'is', 'below', '15', 'degrees', 'Celsius', '.', 'Warm', 'up', 'the', 'battery', 'temperature', 'to', 'above', '25', 'degree', 'Celsius', 'to', 'ensure', 'a', 'safe', 'flight', '.']","['B-PARAMETER', 'I-PARAMETER', 'O', 'O', 'O', 'O', 'O', 'O', 'O', 'O', 'O', 'B-PARAMETER', 'I-PARAMETER', 'O', 'O', 'O', 'O', 'O', 'O', 'O', 'O', 'O', 'O', 'O']"
91,180,"['RTH', ':', 'Preascending', '.']","['B-ACTION', 'O', 'B-STATE', 'O']"
92,181,"['RTH', ':', 'Heading', 'alignment', '.']","['B-ACTION', 'O', 'B-STATE', 'I-STATE', 'O']"
93,182,"['RTH', ':', 'Ascending', 'to', 'RTH', 'altitude', '.']","['B-ACTION', 'O', 'B-STATE', 'O', 'B-PARAMETER', 'I-PARAMETER', 'O']"
94,183,"['RTH', ':', 'Cruise', '.']","['B-ACTION', 'O', 'B-STATE', 'O']"
95,184,"['Landing', 'Gear', 'Raising', '.', 'Home', 'Point', 'Recorded']","['B-COMPONENT', 'I-COMPONENT', 'O', 'O', 'B-PARAMETER', 'I-PARAMETER', 'O']"
96,185,"['Can', 'not', 'switch', 'flight', 'mode', '.', 'Turn', 'on', '""', 'Multiple', 'Flight', 'Modes', '""', 'to', 'enable', 'Atti', 'and', 'Sport', 'Modes', '.']","['O', 'O', 'O', 'B-PARAMETER', 'I-PARAMETER', 'O', 'O', 'O', 'O', 'B-FUNCTION', 'I-FUNCTION', 'I-FUNCTION', 'O', 'O', 'O', 'B-STATE', 'O', 'B-STATE', 'I-STATE', 'O']"
97,186,"['Home', 'Point', 'Recorded', '.', 'RTH', 'Altitude', ':', '30', 'm.']","['B-PARAMETER', 'I-PARAMETER', 'O', 'O', 'B-PARAMETER', 'I-PARAMETER', 'O', 'O', 'O']"
98,187,"['Compass', 'Interference', '.', 'Temp', 'Max', 'Altitude', ':', '98', 'ft']","['B-ISSUE', 'I-ISSUE', 'O', 'O', 'B-PARAMETER', 'I-PARAMETER', 'O', 'O', 'O']"
99,188,"['Return', '-', 'to', '-', 'Home', 'Altitude', ':', '98FT', '.']","['B-PARAMETER', 'O', 'I-PARAMETER', 'O', 'I-PARAMETER', 'I-PARAMETER', 'O', 'O', 'O']"
100,189,"['Strong', 'wireless', 'interference', '.', 'Please', 'fly', 'with', 'caution', '.', 'Obstacle', 'Avoidance', 'Disabled', '.', 'Landing', 'gear', 'lowered', '.', 'Obstacle', 'Avoidance', 'Disabled', '.']","['B-ISSUE', 'I-ISSUE', 'I-ISSUE', 'O', 'O', 'O', 'O', 'O', 'O', 'B-FUNCTION', 'I-FUNCTION', 'O', 'O', 'B-COMPONENT', 'I-COMPONENT', 'O', 'O', 'B-FUNCTION', 'I-FUNCTION', 'O', 'O']"
101,19,"['Braking', 'now', '!', 'Return', 'sticks', 'to', 'midpoints', 'first', '.']","['B-ACTION', 'O', 'O', 'O', 'B-COMPONENT', 'O', 'O', 'O', 'O']"
102,190,"['Magnetic', 'Filed', 'Interference', '.', 'Exit', 'P', '-', 'GPS', 'Mode', '.', 'Yaw', 'Error', '.']","['B-ISSUE', 'I-ISSUE', 'I-ISSUE', 'O', 'O', 'B-STATE', 'O', 'I-STATE', 'I-STATE', 'O', 'B-ISSUE', 'I-ISSUE', 'O']"
103,191,"['RTH', 'Altitude', ':', '98FT', '.', 'Data', 'Recorder', 'File', 'Index', 'is', '1', '.']","['B-PARAMETER', 'I-PARAMETER', 'O', 'O', 'O', 'B-COMPONENT', 'I-COMPONENT', 'B-PARAMETER', 'I-PARAMETER', 'O', 'O', 'O']"
104,192,"['Home', 'Point', 'Recorded', '.', 'Taking', 'off', '.']","['B-PARAMETER', 'I-PARAMETER', 'O', 'O', 'B-ACTION', 'I-ACTION', 'O']"
105,193,"['Weak', 'signal', '.', 'Avoid', 'blocking', 'the', 'antennas', 'and', 'keep', 'the', 'antennas', 'parallel', 'to', 'and', 'facing', 'toward', 'the', 'aircraft', 'during', 'flight', '.', 'Downlink', 'Lost', '.']","['B-ISSUE', 'I-ISSUE', 'O', 'O', 'O', 'O', 'B-COMPONENT', 'O', 'O', 'O', 'B-COMPONENT', 'O', 'O', 'O', 'O', 'O', 'O', 'B-COMPONENT', 'O', 'O', 'O', 'B-ISSUE', 'I-ISSUE', 'O']"
106,194,"['High', 'wind', 'velocity', '.', 'Ensure', 'the', 'aircraft', 'remains', 'within', 'your', 'line', 'of', 'sight', 'and', 'fly', 'with', 'caution', '.', 'Downlink', 'Lost', '.']","['B-ISSUE', 'I-ISSUE', 'I-ISSUE', 'O', 'O', 'O', 'B-COMPONENT', 'O', 'O', 'O', 'O', 'O', 'O', 'O', 'O', 'O', 'O', 'O', 'B-ISSUE', 'I-ISSUE', 'O']"
107,195,"['High', 'wind', 'velocity', '.', 'Ensure', 'the', 'aircraft', 'remains', 'within', 'your', 'line', 'of', 'sight', 'and', 'fly', 'with', 'caution', '.', 'High', 'wind', 'velocity', '.', 'Fly', 'with', 'caution', 'and', 'land', 'in', 'a', 'safe', 'place', 'ASAP', '.']","['B-ISSUE', 'I-ISSUE', 'I-ISSUE', 'O', 'O', 'O', 'B-COMPONENT', 'O', 'O', 'O', 'O', 'O', 'O', 'O', 'O', 'O', 'O', 'O', 'B-ISSUE', 'I-ISSUE', 'I-ISSUE', 'O', 'O', 'O', 'O', 'O', 'O', 'O', 'O', 'O', 'O', 'O', 'O']"
108,2,"['Aircraft', 'is', 'entering', 'a', 'restricted', 'area']","['B-COMPONENT', 'O', 'O', 'O', 'O', 'O']"
109,20,"['Braking', 'now', '.', 'Return', 'sticks', 'to', 'midpoints', ',', 'then', 'continue', 'flying', '.']","['B-ACTION', 'O', 'O', 'O', 'B-COMPONENT', 'O', 'O', 'O', 'O', 'O', 'O', 'O']"
110,21,"['Camera', 'Settings', 'Adjusted', 'to', 'ActiveTrack']","['B-STATE', 'I-STATE', 'O', 'O', 'B-STATE']"
111,22,"['Can', 'not', 'change', 'current', 'flight', 'mode', '.', 'Enable', 'Multiple', 'Flight', 'Modes', 'in', 'Settings', 'menu', 'to', 'change', '.']","['O', 'O', 'O', 'O', 'B-PARAMETER', 'I-PARAMETER', 'O', 'O', 'B-FUNCTION', 'I-FUNCTION', 'I-FUNCTION', 'O', 'B-FUNCTION', 'O', 'O', 'O', 'O']"
112,23,"['Can', 'not', 'enter', 'the', 'selected', 'flight', 'mode', '.', 'Try', 'again', 'later', '.']","['O', 'O', 'O', 'O', 'O', 'B-PARAMETER', 'I-PARAMETER', 'O', 'O', 'O', 'O', 'O']"
113,24,"['Can', 'not', 'Identify', 'Subject']","['O', 'O', 'O', 'O']"
114,25,"['Can', 'not', 'switch', 'flight', 'mode', '.', 'Turn', 'on', '""', 'Multiple', 'Flight', 'Modes', '""', 'to', 'enable', 'Atti', 'and', 'Sport', 'Modes']","['O', 'O', 'O', 'B-PARAMETER', 'I-PARAMETER', 'O', 'O', 'O', 'O', 'B-FUNCTION', 'I-FUNCTION', 'I-FUNCTION', 'O', 'O', 'O', 'B-STATE', 'O', 'B-STATE', 'I-STATE']"
115,26,"['Can', 'not', 'Takeoff', 'in', 'Travel', 'Mode', '.', 'Exit', 'Travel', 'Mode', '.']","['O', 'O', 'B-ACTION', 'O', 'B-STATE', 'I-STATE', 'O', 'B-ACTION', 'B-STATE', 'I-STATE', 'O']"
116,27,"['Command', 'Failed']","['B-ISSUE', 'I-ISSUE']"
117,28,"['Command', 'Timeout']","['B-ISSUE', 'I-ISSUE']"
118,29,"['Compass', 'Error', '.', 'Exit', 'P', '-', 'GPS', 'Mode']","['B-ISSUE', 'I-ISSUE', 'O', 'B-ACTION', 'B-STATE', 'O', 'I-STATE', 'I-STATE']"
119,3,"['Aircraft', 'is', 'in', 'Attitude', 'mode', ',', 'so', 'that', 'it', 'will', 'not', 'hover', '.', 'Please', 'fly', 'with', 'caution', '.']","['O', 'O', 'O', 'O', 'O', 'O', 'O', 'O', 'O', 'O', 'O', 'O', 'O', 'O', 'O', 'O', 'O', 'O']"
120,30,"['Compass', 'Redundancy', 'Switch']","['B-ISSUE', 'I-ISSUE', 'I-ISSUE']"
121,31,"['Compass', 'Stuck', '.', 'Restart', 'Aircraft', '.', 'Contact', 'DJI', 'Support', 'if', 'this', 'persists', '.']","['B-ISSUE', 'I-ISSUE', 'O', 'B-ACTION', 'B-COMPONENT', 'O', 'O', 'O', 'O', 'O', 'O', 'O', 'O']"
122,32,"['Correcting', 'Landing', 'Position']","['B-ACTION', 'B-PARAMETER', 'I-PARAMETER']"
123,33,"['Critically', 'Low', 'Power', '.', 'Aircraft', 'Landing']","['B-ISSUE', 'I-ISSUE', 'I-ISSUE', 'O', 'B-COMPONENT', 'B-ACTION']"
124,34,"['Current', 'RTH', 'route', 'will', 'pass', 'a', 'No', '-', 'Fly', 'zone', '.', 'Pay', 'attention', 'to', 'the', 'aircraft', ""'s"", 'position', 'to', 'avoid', 'RTH', 'failure', '.']","['O', 'B-PARAMETER', 'I-PARAMETER', 'O', 'O', 'O', 'O', 'O', 'O', 'O', 'O', 'O', 'O', 'O', 'O', 'B-COMPONENT', 'O', 'O', 'O', 'O', 'B-ISSUE', 'I-ISSUE', 'O']"
125,35,"['Data', 'Recorder', 'File', 'Index', 'is', '12', '.']","['B-COMPONENT', 'I-COMPONENT', 'B-PARAMETER', 'I-PARAMETER', 'O', 'O', 'O']"
126,36,"['Data', 'Recorder', 'File', 'Index', 'is', '13', '.']","['B-COMPONENT', 'I-COMPONENT', 'B-PARAMETER', 'I-PARAMETER', 'O', 'O', 'O']"
127,37,"['Data', 'Recorder', 'File', 'Index', 'is', '15', '.']","['B-COMPONENT', 'I-COMPONENT', 'B-PARAMETER', 'I-PARAMETER', 'O', 'O', 'O']"
128,38,"['Data', 'Recorder', 'File', 'Index', 'is', '17', '.']","['B-COMPONENT', 'I-COMPONENT', 'B-PARAMETER', 'I-PARAMETER', 'O', 'O', 'O']"
129,39,"['Data', 'Recorder', 'File', 'Index', 'is', '18', '.']","['B-COMPONENT', 'I-COMPONENT', 'B-PARAMETER', 'I-PARAMETER', 'O', 'O', 'O']"
130,4,"['Aircraft', 'is', 'in', 'QuickShot', 'Mode', '.', 'Ensure', 'your', 'enviornment', 'is', 'free', 'of', 'potential', 'obstacles', '.']","['B-COMPONENT', 'O', 'O', 'B-STATE', 'I-STATE', 'O', 'O', 'O', 'O', 'O', 'O', 'O', 'O', 'O', 'O']"
131,40,"['Data', 'Recorder', 'File', 'Index', 'is', '19', '.']","['B-COMPONENT', 'I-COMPONENT', 'B-PARAMETER', 'I-PARAMETER', 'O', 'O', 'O']"
132,41,"['Data', 'Recorder', 'File', 'Index', 'is', '2', '.']","['B-COMPONENT', 'I-COMPONENT', 'B-PARAMETER', 'I-PARAMETER', 'O', 'O', 'O']"
133,42,"['Data', 'Recorder', 'File', 'Index', 'is', '21', '.']","['B-COMPONENT', 'I-COMPONENT', 'B-PARAMETER', 'I-PARAMETER', 'O', 'O', 'O']"
134,43,"['Data', 'Recorder', 'File', 'Index', 'is', '29', '.']","['B-COMPONENT', 'I-COMPONENT', 'B-PARAMETER', 'I-PARAMETER', 'O', 'O', 'O']"
135,44,"['Data', 'Recorder', 'File', 'Index', 'is', '3', '.']","['B-COMPONENT', 'I-COMPONENT', 'B-PARAMETER', 'I-PARAMETER', 'O', 'O', 'O']"
136,45,"['Data', 'Recorder', 'File', 'Index', 'is', '30', '.']","['B-COMPONENT', 'I-COMPONENT', 'B-PARAMETER', 'I-PARAMETER', 'O', 'O', 'O']"
137,46,"['Data', 'Recorder', 'File', 'Index', 'is', '4', '.']","['B-COMPONENT', 'I-COMPONENT', 'B-PARAMETER', 'I-PARAMETER', 'O', 'O', 'O']"
138,47,"['Data', 'Recorder', 'File', 'Index', 'is', '45', '.']","['B-COMPONENT', 'I-COMPONENT', 'B-PARAMETER', 'I-PARAMETER', 'O', 'O', 'O']"
139,48,"['Data', 'Recorder', 'File', 'Index', 'is', '46', '.']","['B-COMPONENT', 'I-COMPONENT', 'B-PARAMETER', 'I-PARAMETER', 'O', 'O', 'O']"
140,49,"['Data', 'Recorder', 'File', 'Index', 'is', '5', '.']","['B-COMPONENT', 'I-COMPONENT', 'B-PARAMETER', 'I-PARAMETER', 'O', 'O', 'O']"
141,5,"['Aircraft', 'is', 'now', 'following', 'you', '.']","['B-COMPONENT', 'O', 'O', 'O', 'O', 'O']"
142,50,"['Data', 'Recorder', 'File', 'Index', 'is', '57', '.']","['B-COMPONENT', 'I-COMPONENT', 'B-PARAMETER', 'I-PARAMETER', 'O', 'O', 'O']"
143,51,"['Data', 'Recorder', 'File', 'Index', 'is', '65', '.']","['B-COMPONENT', 'I-COMPONENT', 'B-PARAMETER', 'I-PARAMETER', 'O', 'O', 'O']"
144,52,"['Data', 'Recorder', 'File', 'Index', 'is', '7', '.']","['B-COMPONENT', 'I-COMPONENT', 'B-PARAMETER', 'I-PARAMETER', 'O', 'O', 'O']"
145,53,"['Data', 'Recorder', 'File', 'Index', 'is', '8', '.']","['B-COMPONENT', 'I-COMPONENT', 'B-PARAMETER', 'I-PARAMETER', 'O', 'O', 'O']"
146,54,"['Descending', '.', 'Exited', 'Visual', 'Avoidance', 'System']","['B-ACTION', 'O', 'B-ACTION', 'B-FUNCTION', 'I-FUNCTION', 'I-FUNCTION']"
147,55,"['Downlink', 'Lost', '.']","['B-ISSUE', 'I-ISSUE', 'O']"
148,56,"['Downlink', 'Restored', '(', 'after', '0', 'm', '0.9s', ')', '.']","['B-FUNCTION', 'O', 'O', 'O', 'O', 'O', 'O', 'O', 'O']"
149,57,"['Downlink', 'Restored', '(', 'after', '0', 'm', '1.1s', ')', '.']","['B-FUNCTION', 'O', 'O', 'O', 'O', 'O', 'O', 'O', 'O']"
150,58,"['Downlink', 'Restored', '(', 'after', '0', 'm', '1.2s', ')', '.']","['B-FUNCTION', 'O', 'O', 'O', 'O', 'O', 'O', 'O', 'O']"
151,59,"['Downlink', 'Restored', '(', 'after', '0', 'm', '1.4s', ')', '.']","['B-FUNCTION', 'O', 'O', 'O', 'O', 'O', 'O', 'O', 'O']"
152,6,"['Aircraft', 'is', 'returning', 'to', 'the', 'Home', 'Point', '.', 'Minimum', 'RTH', 'Altitude', 'is', '30', 'm.', 'You', 'can', 'reset', 'the', 'RTH', 'Altitude', 'in', 'Remote', 'Controller', 'Settings', 'after', 'cancelling', 'RTH', 'if', 'necessary', '.']","['B-COMPONENT', 'O', 'O', 'O', 'O', 'B-PARAMETER', 'I-PARAMETER', 'O', 'B-PARAMETER', 'I-PARAMETER', 'I-PARAMETER', 'O', 'O', 'O', 'O', 'O', 'O', 'O', 'B-PARAMETER', 'I-PARAMETER', 'O', 'B-FUNCTION', 'I-FUNCTION', 'I-FUNCTION', 'O', 'O', 'B-ACTION', 'O', 'O', 'O']"
153,60,"['Downlink', 'Restored', '(', 'after', '0', 'm', '1.5s', ')', '.']","['B-FUNCTION', 'O', 'O', 'O', 'O', 'O', 'O', 'O', 'O']"
154,61,"['Downlink', 'Restored', '(', 'after', '0', 'm', '1.6s', ')', '.']","['B-FUNCTION', 'O', 'O', 'O', 'O', 'O', 'O', 'O', 'O']"
155,62,"['Downlink', 'Restored', '(', 'after', '0', 'm', '1.7s', ')', '.']","['B-FUNCTION', 'O', 'O', 'O', 'O', 'O', 'O', 'O', 'O']"
156,63,"['Downlink', 'Restored', '(', 'after', '0', 'm', '11.3s', ')', '.']","['B-FUNCTION', 'O', 'O', 'O', 'O', 'O', 'O', 'O', 'O']"
157,64,"['Downlink', 'Restored', '(', 'after', '0', 'm', '11s', ')', '.']","['B-FUNCTION', 'O', 'O', 'O', 'O', 'O', 'O', 'O', 'O']"
158,65,"['Downlink', 'Restored', '(', 'after', '0', 'm', '1s', ')', '.']","['B-FUNCTION', 'O', 'O', 'O', 'O', 'O', 'O', 'O', 'O']"
159,66,"['Downlink', 'Restored', '(', 'after', '0', 'm', '2.2s', ')', '.']","['B-FUNCTION', 'O', 'O', 'O', 'O', 'O', 'O', 'O', 'O']"
160,67,"['Downlink', 'Restored', '(', 'after', '0', 'm', '2.3s', ')', '.']","['B-FUNCTION', 'O', 'O', 'O', 'O', 'O', 'O', 'O', 'O']"
161,68,"['Downlink', 'Restored', '(', 'after', '0', 'm', '2.9s', ')', '.']","['B-FUNCTION', 'O', 'O', 'O', 'O', 'O', 'O', 'O', 'O']"
162,69,"['Downlink', 'Restored', '(', 'after', '0', 'm', '5.6s', ')', '.']","['B-FUNCTION', 'O', 'O', 'O', 'O', 'O', 'O', 'O', 'O']"
163,7,"['Aircraft', 'is', 'returning', 'to', 'the', 'Home', 'Point', '.', 'Minimum', 'RTH', 'Altitude', 'is', '30', 'm.', 'You', 'can', 'reset', 'the', 'RTH', 'Altitude', 'in', 'Remote', 'Controller', 'Settings', 'after', 'cancelling', 'RTH', '.']","['B-COMPONENT', 'O', 'O', 'O', 'O', 'B-PARAMETER', 'I-PARAMETER', 'O', 'B-PARAMETER', 'I-PARAMETER', 'I-PARAMETER', 'O', 'O', 'O', 'O', 'O', 'O', 'O', 'B-PARAMETER', 'I-PARAMETER', 'O', 'B-FUNCTION', 'I-FUNCTION', 'I-FUNCTION', 'O', 'O', 'B-ACTION', 'O']"
164,70,"['Downlink', 'Restored', '(', 'after', '0', 'm', '5.8s', ')', '.']","['B-FUNCTION', 'O', 'O', 'O', 'O', 'O', 'O', 'O', 'O']"
165,71,"['Drag', 'a', 'box', 'around', 'or', 'tap', 'a', 'target', 'on', 'screen', '.', 'Then', 'tap', 'Go', '.']","['O', 'O', 'O', 'O', 'O', 'O', 'O', 'O', 'O', 'O', 'O', 'O', 'O', 'O', 'O']"
166,72,"['Exited', 'Visual', 'Avoidance', 'System', '.']","['B-ACTION', 'B-FUNCTION', 'I-FUNCTION', 'I-FUNCTION', 'O']"
167,73,"['Flight', 'Mode', 'Set', 'to', 'Attitude']","['B-PARAMETER', 'I-PARAMETER', 'O', 'O', 'B-STATE']"
168,74,"['Fly', 'with', 'caution', 'and', 'ensure', 'the', 'aircraft', 'remains', 'within', 'your', 'line', 'of', 'sight', '.']","['O', 'O', 'O', 'O', 'O', 'O', 'B-COMPONENT', 'O', 'O', 'O', 'O', 'O', 'O', 'O']"
169,75,"['Forward', 'Obstacle', 'Sensing', 'is', 'not', 'functioning', '.']","['B-FUNCTION', 'I-FUNCTION', 'I-FUNCTION', 'O', 'O', 'O', 'O']"
170,76,"['Forward', 'Obstacle', 'Sensing', 'not', 'Responding']","['B-FUNCTION', 'I-FUNCTION', 'I-FUNCTION', 'O', 'O']"
171,77,"['Gimbal', 'Pitch', 'Limit', 'Reached', '.']","['B-PARAMETER', 'I-PARAMETER', 'I-PARAMETER', 'O', 'O']"
172,78,"['Gimbal', 'Pitch', 'Reached', 'Movement', 'Limit']","['B-PARAMETER', 'I-PARAMETER', 'O', 'B-PARAMETER', 'I-PARAMETER']"
173,79,"['Gimbal', 'Roll', 'Limit', 'Reached', '.']","['B-PARAMETER', 'I-PARAMETER', 'I-PARAMETER', 'O', 'O']"
174,8,"['Aircraft', 'is', 'returning', 'to', 'the', 'Home', 'Point', '.', 'Minimum', 'RTH', 'Altitude', 'is', '98', 'ft', '.', 'You', 'can', 'reset', 'the', 'RTH', 'Altitude', 'in', 'Remote', 'Controller', 'Settings', 'after', 'cancelling', 'RTH', '.']","['B-COMPONENT', 'O', 'O', 'O', 'O', 'B-PARAMETER', 'I-PARAMETER', 'O', 'B-PARAMETER', 'I-PARAMETER', 'I-PARAMETER', 'O', 'O', 'O', 'O', 'O', 'O', 'O', 'O', 'B-PARAMETER', 'I-PARAMETER', 'O', 'B-FUNCTION', 'I-FUNCTION', 'I-FUNCTION', 'O', 'O', 'B-ACTION', 'O']"
175,80,"['Gimbal', 'Yaw', 'Limit', 'Reached']","['B-PARAMETER', 'I-PARAMETER', 'I-PARAMETER', 'O']"
176,81,"['GPS', 'Position', 'Mismatch', '.']","['B-PARAMETER', 'I-PARAMETER', 'B-ISSUE', 'O']"
177,82,"['Ground', 'Plain', '.', 'Safe', 'to', 'Land', '.']","['O', 'O', 'O', 'O', 'O', 'O', 'O']"
178,83,"['High', 'wind', 'velocity', '.', 'Ensure', 'the', 'aircraft', 'remains', 'within', 'your', 'line', 'of', 'sight', 'and', 'fly', 'with', 'caution', '.']","['B-ISSUE', 'I-ISSUE', 'I-ISSUE', 'O', 'O', 'O', 'B-COMPONENT', 'O', 'O', 'O', 'O', 'O', 'O', 'O', 'O', 'O', 'O', 'O']"
179,84,"['High', 'wind', 'velocity', '.', 'Fly', 'with', 'caution', 'and', 'land', 'in', 'a', 'safe', 'place', 'ASAP', '.']","['B-ISSUE', 'I-ISSUE', 'I-ISSUE', 'O', 'O', 'O', 'O', 'O', 'O', 'O', 'O', 'O', 'O', 'O', 'O']"
180,85,"['High', 'wind', 'velocity', '.', 'Fly', 'with', 'caution', '.']","['B-ISSUE', 'I-ISSUE', 'I-ISSUE', 'O', 'O', 'O', 'O', 'O']"
181,86,"['Home', 'Point', 'Recorded', '.']","['B-PARAMETER', 'I-PARAMETER', 'O', 'O']"
182,87,"['Home', 'Point', 'Updated', '.']","['I-PARAMETER', 'B-PARAMETER', 'O', 'O']"
183,88,"['Image', 'Transmission', 'Recovered', '.', 'Aircraft', 'is', 'returning', 'home', '.']","['B-FUNCTION', 'I-FUNCTION', 'O', 'O', 'B-COMPONENT', 'O', 'B-ACTION', 'I-ACTION', 'O']"
184,89,"['Intelligent', 'Flight', 'Modes', 'have', 'not', 'been', 'enabled', '.', 'Enable', 'this', 'option', 'in', 'Main', 'Controller', 'Settings', 'if', 'needed', '.']","['B-FUNCTION', 'I-FUNCTION', 'I-FUNCTION', 'O', 'O', 'O', 'O', 'O', 'O', 'O', 'O', 'O', 'B-FUNCTION', 'I-FUNCTION', 'I-FUNCTION', 'O', 'O', 'O']"
185,9,"['Aircraft', 'is', 'returning', 'to', 'the', 'Home', 'Point', '.', 'Minimum', 'RTH', 'Altitude', 'is30', 'm.', 'You', 'can', 'reset', 'the', 'RTH', 'Altitude', 'in', 'Remote', 'Controller', 'Settings', 'after', 'cancelling', 'RTH', '.']","['B-COMPONENT', 'O', 'O', 'O', 'O', 'B-PARAMETER', 'I-PARAMETER', 'O', 'B-PARAMETER', 'I-PARAMETER', 'I-PARAMETER', 'O', 'O', 'O', 'O', 'O', 'O', 'B-PARAMETER', 'I-PARAMETER', 'O', 'B-FUNCTION', 'I-FUNCTION', 'I-FUNCTION', 'O', 'O', 'B-ACTION', 'O']"
186,90,"['Landing', 'Gear', 'Lowered', '.']","['B-COMPONENT', 'I-COMPONENT', 'O', 'O']"
187,91,"['Landing', 'gear', 'lowered', '.', 'Obstacle', 'Avoidance', 'Disabled', '.']","['B-COMPONENT', 'I-COMPONENT', 'O', 'O', 'B-FUNCTION', 'I-FUNCTION', 'O', 'O']"
188,92,"['Landing', 'gear', 'lowered', '.', 'Obstacle', 'Avoidance', 'has', 'been', 'disabled', '.']","['B-COMPONENT', 'I-COMPONENT', 'O', 'O', 'B-FUNCTION', 'I-FUNCTION', 'O', 'O', 'O', 'O']"
189,93,"['Landing', 'gear', 'lowered', '.', 'Obstacle', 'Avoidance', 'Disabled', '.']","['B-COMPONENT', 'I-COMPONENT', 'O', 'O', 'B-FUNCTION', 'I-FUNCTION', 'O', 'O']"
190,94,"['Landing', 'Gear', 'Lowering', '.']","['B-COMPONENT', 'I-COMPONENT', 'O', 'O']"
191,95,"['Landing', 'Gear', 'Raised', '.']","['B-COMPONENT', 'I-COMPONENT', 'O', 'O']"
192,96,"['Landing', 'Gear', 'Raising', '.']","['B-COMPONENT', 'I-COMPONENT', 'O', 'O']"
193,97,"['Landing', 'Protection', 'Activated', '.', 'Aircraft', 'will', 'decelerate', 'during', 'landing', '.']","['B-FUNCTION', 'I-FUNCTION', 'O', 'O', 'B-COMPONENT', 'O', 'O', 'O', 'O', 'O']"
194,98,"['Landing', '.']","['B-ACTION', 'O']"
195,99,"['Large', 'Wind', 'Velocity', '.']","['B-ISSUE', 'I-ISSUE', 'I-ISSUE', 'O']"
